{
    "step": 1,
    "epoch": 0.0,
    "train": {
        "loss": 0.11040323227643967
    },
    "valid": {
        "loss": 0.059237040579319
    },
    "accuracy": 0.9805999994277954
}