{
    "step": 1,
    "epoch": 0.0,
    "train": {
        "loss": 0.10489514470100403
    },
    "valid": {
        "loss": 0.05767244100570679
    },
    "accuracy": 0.9814000129699707
}