{
    "step": 1,
    "epoch": 0.0,
    "train": {
        "loss": 0.04557865858078003
    },
    "valid": {
        "loss": 0.030153455212712288
    },
    "accuracy": 0.9904999732971191
}